HostName,Instance Type
pretappdbswc020,r5a.2xlarge
pretappdbswc022,t3a.2xlarge
pretappgenlc001,m5a.12xlarge
pretappgenlc002,m5a.12xlarge
pretappgenlc014,t3a.xlarge
pretappgenlx001,c6a.12xlarge
pretappgenlx002,c6a.12xlarge
pretappgenlx005,c6a.12xlarge
pretappgenlx006,c6a.12xlarge
pretappgenwc011_new,c6a.8xlarge
pretappgenwc012,c6a.8xlarge
pretappgenwc013_new,c6a.8xlarge
pretappgenwc014,c6a.8xlarge
pretappgenwc015,c6a.8xlarge
pretappgenwc016,c6a.8xlarge
pretappgenwc017,c6a.4xlarge
pretappgenwc018,c6a.4xlarge
pretappgenwc019,c6a.4xlarge
pretappgenwc029,c6a.4xlarge
pretappgenwc039,t3a.2xlarge
pretappgenwc040,t3a.2xlarge
pretappgenwc041,c6a.8xlarge
pretappgenwc042,t3a.2xlarge
pretappgenwc043,t3a.xlarge
pretappgenwc044,t3a.2xlarge
pretappgenwc045,t3a.xlarge
pretappgenwc046,t3a.xlarge
pretappgenwc047,t3a.medium
pretappgenwc048,t3a.medium
pretappgenwc049,t3a.xlarge
pretappgenwc050,t3a.xlarge
pretappgenwx003,t3a.2xlarge
pretappiiswc004,t3a.xlarge
PRETAPPIISWC005,t3a.xlarge
pretappiiswc006,c6a.4xlarge
pretappiiswc007,c6a.4xlarge
pretappiiswc014,t3a.medium
pretappiiswc018,t3a.2xlarge
pretappiiswc021,t3a.xlarge
pretappiiswc022,t3a.xlarge
pretapptstlc010,t3a.2xlarge
pretctxgenwc003,c6a.8xlarge
pretctxgenwc012,c6a.8xlarge
pretctxgenwc013,m5a.4xlarge
pretctxgenwc014,c6a.8xlarge
pretctxgenwc015,m5a.4xlarge
pretctxgenwc016,m5a.4xlarge
pretctxgenwc018,c6a.4xlarge
pretctxgenwc019,m5a.4xlarge
pretctxgenwc020,m5a.4xlarge
pretctxgenwc021,m5a.4xlarge
pretctxgenwc023,c6a.8xlarge
pretctxgenwc025,c6a.8xlarge
pretctxgenwc026,c6a.8xlarge
pretctxgenwc027,c6a.8xlarge
pretctxgenwc028,c6a.8xlarge
pretctxgenwc029,c6a.8xlarge
pretctxgenwc030,c6a.8xlarge
pretctxgenwc031,c6a.8xlarge
pretctxgenwc032,c6a.4xlarge
